HOUR,Average Wait Time (Minutes)
0,3.817802514077133
1,2.978771339090737
2,4.250131903254471
3,4.781079042531727
4,5.88591440966441
10,1.053749238415905
11,1.4013402527807288
12,1.2162869409742658
13,0.8134986368006069
14,1.161140271875288
15,1.4383277699311434
16,1.5590295065990256
17,1.7827624985314465
18,1.596875107964266
19,1.5640380290565485
20,0.531206825910016
21,0.3769838968142036
22,0.8507514420523088
23,1.3152633287870716
